Languages,language_code
Kunama,kun
Lafofa,laf
Siamou,sif
Laal,gdm
Sandawe,sad
Ongota,bxe
Jalaa,cet
Hadza,hts
Bangime,dba
Kujarge,vkj
Berta,wti
Nara,nrb
Shabo,sbf
Meroitic,xmr
Gule,gly
Majang,mpe
Mararit,mgb
Keiga,kec
Dime,dim
Tima,tms
Aja (South Sudan),aja
Numidian,nxm
Gail,gic
Rufiji,rui
Kofa,kso
Gamo-Gofa-Dawro,gmo
Beti (Cameroon),btb
Bemba (Democratic Republic of Congo),bmy
!O!ung,oun
Ihievbe,ihi
Yauma,yax
Nyeng,nfg
Odut,oda
Baga Kaloum,bqf
Songa,sgo
Bainouk-Samik,bcb
Ndonde Hamba,njd
Buya,byy
Ngombe (Central African Republic),nmj
Southern Betsimisaraka Malagasy (Retired),bjq
Baga Sobané,bsv
Foma,fom
Yendang (Retired),yen
Nde-Gbite,ned
Aduge,adu
Buso,bso
Bubia,bbx
Yangho,ynh
Áncá,acb
Ibilo,ibi
Aramanik,aam
Walo Kumbe Dogon,dwl
Forest Maninka,myq
Sara Dunjo,koj
Ngong,nnx
Judeo-Berber,jbe
Idesa,ids
Borna (Democratic Republic of Congo),bxx
Mediak,mwx
Gey,guv
Ija-Zuba,vki
Kpatili,kym
Kolum So Dogon,dkl
Gbati-ri,gti
Yamongeri,ymg
Kakihum,kxe
Tingal,tie
Babalia Creole Arabic,bbz
Maligo,mwj
Kwak,kwq
Shakara,nfk
Uokha,uok
Gengle,geg
Imeraguen,ime
Fum,fum
Kisankasa,kqh
Buraka,bkg
Tunen (Retired),baz
Daats'iin,dtn
Mansoanka,msw
Gola,gol
Bambassi,myf
Ik,ikx
Sheko,she
Nayi,noz
Dizin,mdx
Temein,teq
Tese,keg
Amkoe,huc
Tagoi,tag
Tegali,ras
Gaam,tbi
Weyto,woy
Rer Bare,rer
Mawa (Nigeria),wma
Afrihili,afh
N'Ko,nqo
Defaka,afn
Gwama,kmq
Kwadi,kwz
Ama (Sudan),nyi
Afitti,aft
Yemsa,jnj
Bench,bcq
Amdang,amj
Fur,fvr
Midob,mei
Ngiti,niy
Moru,mgd
Sinyar,sys
Bongo,bot
Lombi,lmi
Ndo,ndp
Mediterranean Lingua Franca,pml
Fanagalo,fng
Kru Pidgin English,lir
Gibanawa,gib
Barikanchi,bxo
Tulishi,tey
Njalgulgule,njl
Dar Sila Daju,dau
Dar Daju Daju,djc
Shatt,shj
Logorik,liu
Katla,kcr
Kuwaa,blh
Koyra Chiini Songhay,khq
Koyraboro Senni Songhai,ses
Humburi Senni Songhay,hmb
Tondi Songway Kiini,tst
Zambian Sign Language,zsl
Adamorobe Sign Language,ads
Seychelles Sign Language,lsw
Malawian Sign Language,lws
Mozambican Sign Language,mzy
Mauritian Sign Language,lsy
Guinea-Bissau Sign Language,lgs
Tebul Sign Language,tsy
Ghardaia Sign Language,ajs
Langue de Signes Malienne,bog
Zimbabwe Sign Language,zib
Tanzanian Sign Language,tza
Kenya-Somali Sign Language,xki
Hausa Sign Language,hsl
Torona,tqr
Lumun,lmd
Kresh-Woro,krs
Shwai,shw
Ko,fuj
Warnang,wrn
Northern Gumuz,guk
Kalenjin,kln
Ega,ega
East Limba,lma
West-Central Limba,lia
Toro Tegu Dogon,dtt
Jamsay Dogon,djm
Tiranige Diga Dogon,tde
Donno So Dogon,dds
Toro So Dogon,dts
Tommo So Dogon,dto
Dogul Dom Dogon,dbg
Nanga,nzz
Bankan Tey Dogon,dbw
Ben Tey Dogon,dbt
Ganza,gza
Soo,teu
Nyang'i,nyp
South-Eastern Ju,ktz
Northern Ju,vaj
North-Central Ju,knw
Awjilah,auj
Tuareg,tmh
Nafusi,jbn
Ghadames,gha
Beja,bej
Coptic,cop
Egyptian (Ancient),egy
Kelo,xel
Molo,zmo
Aka,soh
Shuwa-Zamani,ksa
Ruma,ruz
Dungu,dbv
Mala (Nigeria),ruy
Ware,wre
Nshi,nsc
Vono,kch
Tumi,kku
Esuma,esm
Dek,dek
Kaivi,kce
Lower-Nosop,nsb
/Xam,xam
Beria,zag
Berti,byt
Medefidrin,dmf
La'bi,lbi
Camtho,cmt
Tsotsitaal,fly
Chara,cra
Anfillo,myo
Boro (Ethiopia),bwo
Kenuzi-Dongola,kzh
Birked,brk
Kwegu,xwg
Assangori,sjg
Tama (Chad),tma
Ndrulo,dno
Lendu,led
Avokaya,avu
Logo,log
Lugbara,lgg
Aringa,luc
Southern Ma'di,snm
Olu'bo,lul
Ma'di,mhi
Yulu-Binga,yul
Baka (South Sudan),bdh
Asoa,asv
Mangbetu,mdj
Birri,bvq
Mamvu,mdi
Mangbutu,mdk
KiSetla,sta
Kanga,kcp
Katcha-Kadugli-Miri,xtc
Tumtum,tbr
Krongo,kgo
Gayil,gyl
Aari,aiw
Hamer-Banna,amf
Karo (Ethiopia),kxh
Dar Fur Daju,daj
Baygo,byg
Neyo,ney
Kodia,kwp
Wané,hwa
Bakwé,bjw
Tagdal,tda
Tadaksahak,dsq
Korandje,kcy
Tasawaq,twq
Dendi (Benin),ddn
Zarma,dje
Algerian Sign Language,asp
Rwandan Sign Language,rsn
Egypt Sign Language,esl
Libyan Sign Language,lbs
Tocho,taz
Acheron,acz
Nding,eli
Tasomi-Tata,tlo
Ngile,jle
Dagik,dec
Koalib-Rere,kib
Tira,tic
Moro,mor
Northern Burun,bdi
Dinka,din
Omotik,omt
Mandari,mqu
Kakwa,keo
Landoma,ldm
Baga Manduri,bmd
Timne,tem
Baga Koga,bgo
Baga Sitemu,bsp
Kam,kdx
Gade,ged
Ukaan,kcf
Oko-Eni-Osayen,oks
Aproumu Aizi,ahp
Mbre,mka
Biafada,bif
Jaad-Badyara,pbp
Wamey,cou
Mbulungish,mbv
Nalu,naj
Pukur,bcg
Fula,ful
Sereer,srr
Tomo Kan Dogon,dtm
Tengou-Togo Dogon,dtk
Bunoge Dogon,dgb
Ampari Dogon,aqd
Mombo Dogon,dmb
Najamba-Kindige,dbu
Tebul Ure Dogon,dtu
Hozo,hoz
Seze,sze
Groot Laagte =/Kx'au//'ein,aue
Tetserret,tez
Zenaga,zen
Guanche,gnc
Tahaggart Tamahaq,thv
Kabyle,kab
Awngi,awn
Dahalo,dal
Aasax,aas
East Taa,nmn
//Xegwi,xeg
Vaal-Orange,kqu
Danster !Ui,gku
N||ng,ngh
Bissa,bib
Dazaga,dzg
Tedaga,tuq
Southeast Ijo,ijs
Izon,ijc
Uduk,udu
Komo (Sudan-Ethiopia),xom
Opo,lgn
Kibet,kie
Runga,rou
Kachama-Ganjule-Haro,kcx
Zayse-Zergulla,zay
Koorete,kqy
Male (Ethiopia),mdy
Basketo,bst
Shekkacho,moy
Kafa,kbr
Dongola,dgl
Kenuzi,xnz
Nobiin,fia
Old Nubian,onw
Kacipo-Balesi,koe
Tennet,tex
Murle,mur
Me'en,mym
Omi,omi
Keliko,kbo
Beli (South Sudan),blm
Efe,efe
Mvuba,mxh
Lese,les
Bendi,bct
Yocoboué Dida,gud
Gagnoa Bété,btg
Kouya,kyf
Guiberoua Béte,bet
Daloa Bété,bev
Godié,god
Moroccan Sign Language,xms
Ugandan Sign Language,ugn
Ethiopian Sign Language,eth
Sierra Leone Sign Language,sgx
Guinean Sign Language,gus
Tunisian Sign Language,tse
South African Sign Language,sfs
Namibian Sign Language,nbs
Otoro,otr
Logol,lof
Mabaan,mfz
Jumjum,jum
Shilluk,shk
Päri,lkr
Belanda Bor,bxb
Anuak,anu
Acoli,ach
Northeastern Dinka,dip
Southwestern Dinka,dik
South Central Dinka,dib
Northwestern Dinka,diw
Southeastern Dinka,dks
Nuer,nus
Reel,atu
Pökoot,pko
Markweeta,enb
Kupsabiny,kpz
Sabaot,spy
Akie,mwy
Okiek,oki
Kipsigis,sgc
Teso,teo
Bari,bfa
Kuku,ukv
Sherbro,bun
Northern Kissi,kqs
Southern Kisi,kss
Senari,sef
Day,dai
Viemo,vig
Miyobe,soy
Baa,kwb
Attié,ati
Adangme,ada
Ga,gaa
Ikpana,lgq
Boro,xxb
Aja (Benin),ajg
Ajiri,afo
Ndunic,nfd
Arigidi,aqg
Ekpeye,ekp
Ebira,igb
Kutep,kub
Baissa Fali,fah
Tita,tdq
Akpes,ibe
North Fali,fll
South Fali,fal
Bassari-Tanda,bsc
Baga Mboteni,bgm
Saafi-Saafi,sav
Palor,fap
Ndut,ndv
Borgu Fulfulde,fue
Western Niger Fulfulde,fuh
Pulaar,fuc
Pular,fuf
Maasina Fulfulde,ffm
Kanyaki-Kagbaaga-Kajoko Bidyogo,bjg
Wolof,wol
Gambian Wolof,wof
Yanda Dom Dogon,dym
Ana Tinga Dogon,dti
Mesme,zim
Mukulu,moz
Sukur,syk
Jilbe,jie
Gidar,gid
Mbuko,mqb
Vame,mlr
Tamasheq,taq
Tawallammat Tamajaq,ttq
Tayart Tamajeq,thz
Tachelhit,shi
Central Moroccan Berber,tzm
Tarifiyt-Beni-Iznasen-Eastern Middle Atlas Berber,rif
Western Algerian Berber,cnu
Chaouia of the Aures,shy
Siwi,siz
Sawknah-Fogaha,swn
Qimant,ahg
Boon,bnl
Burji,bji
Kw'adza,wka
Tigrinya,tir
Geez,gez
Mann,mev
Manga-Dagera Kanuri,kby
Tarjumo,txj
Kanembu,kbl
Nkoroo,nkx
Oruma,orr
Massalat,mdg
Masalit,mls
Surbakhal,sbj
Kendeje,klf
Marfa,mvu
Maba (Chad),mde
Karanga,kth
Korana,kqz
Xiri,xii
Hai//om-Akhoe,hgm
Nama (Namibia),naq
Shua,shg
Oyda,oyd
Wolaytta,wal
Melo,mfx
Dorze,doz
El Hugeirat,elh
Karko,kko
Wali (Sudan),wll
Dilling,dil
Dair,drb
Uncunwee,ghl
Kadaru,kdu
Didinga,did
Narim,loh
Mursi,muz
Tirma-Chai,suq
Gula (Central African Republic),kcm
Kara (Central African Republic),kah
Vale,vae
Lutos,ndy
Nyamusa-Molo,nwm
Jur Modo,bex
Morokodo,mgc
Mo'da,gbn
Mittu,mwu
Liberian Grebo,grb
Mobumrin Aizi,ahm
Tiagbamrin Aizi,ahi
Nyabwa,nwb
Wobe-Wè Northern,wob
Konobo-Eastern Krahn,kqo
Lakota Dida,dic
Gabogbo,gie
Ghanaian Sign Language,gse
Nigerian Sign Language,nsi
Chadian Sign Language,cds
Madagascar Sign Language,mzc
Ebang,hbn
Laru (North Sudan),lro
Thuri,thu
Luwo,lwo
Kumam,kdi
Lango (Uganda),laj
Labwor,lth
Alur,alz
Barabayiiga-Gisamjanga,tcc
Tugen,tuy
Lango-Logire-Logir,lno
Ngasa,nsg
Karamojong,kdj
Nyangatom,nnj
Toposa,toq
Turkana,tuv
Bom-Kim,bmf
Bullom So,buy
Northwest Gbaya,gya
Eastern Karaboro,xrb
Western Karaboro,kza
Senar de Kankalaba,seq
Mamara Senoufo,myk
Nanerigé Sénoufo,sen
Nafanan,nfr
Nyarafolo Senoufo,sev
Palaka Senoufo,plr
Kim,kia
Goundo,goy
Besme,bes
Palen,pnl
Natioro,nti
Samue,wbf
Tiefo-Daramandugu,tiq
Northern Toussian,tsp
Southern Toussian,wib
Mboi,moi
Kaan,ldl
Oblo,obl
Mbum,mdd
Abé,aba
Abidji,abi
Adioukrou,adj
Avikam,avi
Alladian,ald
Avatime,avn
Animere,anf
Akebu,keu
Igo,ahl
Ikposo,kpo
Tuwuli,bov
Anii,blo
Adele,ade
Gen,gej
Cara,cfd
Kapya,klo
Yukuben,ybl
Iku-Gora-Ankwa,ikv
Bo-Rukul,mae
Eten,etx
Berom,bom
Àhàn,ahn
Ayere,aye
Igala,igl
Ikwere,ikw
Ogbah,ogc
Reshe,res
Obolo,ann
Ogbronuagum,ogu
Ukpet-Ehom,akd
Igede,ige
Yace,ekr
Akpa,akf
Tikar,tik
Fam,fam
Busuu,bju
Bishuo,bwh
Buru-Angwe,bqw
Bedik,tnr
Noon,snf
Lehar,cae
Central-Eastern Niger Fulfulde,fuq
Hausa States Fulfulde,fuv
Balanta-Kentohe,ble
Balanta-Ganja,bjt
Kasanga,ccj
Kobiana,kcj
Bainouk-Gunyaamolo-Gutobor,bcz
Bainounk-Gujaher,bab
Peve,lme
Masana,mcn
Musey,mse
Marba,mpg
Zumaya,zuy
Kwang,kvi
Kera,ker
Gadang,gdk
Mawa (Chad),mcw
Ubi,ubi
Barain,bva
Duwai,dbp
Diri,dwa
Hausa,hau
Gwandara,gwn
Gudu,gdu
Ngwaba,ngw
Mafa,maf
Mbedam,xmd
Mina (Cameroon),hna
Hya,hya
Psikye,kvj
Vemgo-Mabas,vem
Lamang,hia
Hdi,xed
Muskum,mje
Baldemu,bdn
Buduma,bdm
Standard Moroccan Tamazight,zgh
Ghomara,gho
Senhaja De Srair,sjs
Sened,sds
Tidikelt-Tuat Tamazight,tia
Sud Oranais-Gourara,grr
Tumzabt,mzb
Bilin,byn
Xamtanga,xan
Afar,aar
Saho,ssy
Burunge,bds
Tigre,tig
Dahalik,dlk
Soqotri,sqt
Susu,sus
Yalunka,yal
Liberia Kpelle,xpe
Guinea Kpelle,gkp
Kono (Guinea),knu
Hainyaxo Bozo,bzx
Sininkere,skq
Soninke,snk
Jowulu,jow
Southern Bobo Madaré,bwq
Northern Bobo Madaré,bbo
Gban,ggu
Mwan,moa
Wan,wan
Gbin,xgb
Matya Samo,stj
Maya Samo,sym
Southern Samo,sbd
Bilma-Mowar Kanuri,bms
Tumari Kanuri,krt
Central Kanuri,knc
Ibani,iby
Kalabari,ijn
Kirike,okr
Biseni,ije
Okodia,okd
Northern Tshwa,hio
Southern Tshwa,tyu
Naro,nhr
Kxoe,xuu
//Ani,hnh
Dawro,dwr
Gofa,gof
Gamo,gmv
Kenga,kyq
Bagirmi,bmi
Pye Krumen,pye
Southern Grebo,grj
Glio-Oubi,oub
Daho-Doo,das
Glaro-Twabo,glr
Sapo,krn
Western Krahn,krw
Dewoin,dee
Gbii,ggb
Bassa,bsq
Klao,klu
Tajuasohn,tja
Burundi Sign Language,lsb
Luo (Kenya and Tanzania),luo
Adhola,adh
Terik,tec
Nandi,niq
Keiyo,eyo
Lango (South Sudan),lgo
Imotong,imt
Logir,lqr
Lopit,lpx
Otuho,lot
Lokoya,lky
Masai,mas
Samburu,saq
Krim,krm
Bofi,bff
Gbaya-Mbodomo,gmm
Gbanu,gbv
Southwest Gbaya,gso
Ngombe-Bangandu,bgf
Bokoto,bdt
Supyire Senoufo,spp
Sìcìté Sénoufo,sep
Djimini Senoufo,dyi
Tagwana Senoufo,tgw
Tunia,tug
Bondoukou Kulango,kzc
Bouna Kulango,nku
Téén,lor
Loma (Côte d'Ivoire),loi
Baatonum,bba
Longuda,lnu
Koromfé,kfz
Lala-Roba,lla
Duli-Gewe,duz
Gengle-Kugama,kow
Kumba,ksm
Ma (Democratic Republic of Congo),msj
To,toz
Kuo,xuo
Krobu,kxb
Mbato,gwa
Ebrié,ebr
Tafi,tcd
Nyangbo,nyb
Siwu,akp
Lelemi,lef
Sekpele,lip
Selee,snw
Waci Gbe,wci
Kpessi,kef
Ewe,ewe
Aguna,aug
Adangbe,adq
Wudu,wud
Gun,guw
Defi Gbe,gbh
Weme Gbe,wem
Fon,fon
Ci Gbe,cib
Maxi Gbe,mxl
Ayizo Gbe,ayb
Xwela Gbe,xwe
Gbesi Gbe,gbs
Kotafon Gbe,kqk
Western Xwla Gbe,xwl
Saxwe Gbe,sxw
Eastern Xwla Gbe,gbx
Tofin Gbe,tfi
Irigwe,iri
Bete (Yukubenic),byf
Lufu,ldq
Akum,aku
Toro,tdv
Ikulu,ikl
Kadara,kad
Ejuele,dbi
Shall-Zwall,sha
Sur,tdl
Yangkam,bsx
Koro Nulu,vkn
Nungu,rin
Aninka,aqk
Bu,jid
Numana,nbr
Ayu,ayu
Horom,hoe
Fyam,pym
Isekiri,its
Izi-Ezaa-Ikwo-Mgbo,izi
Ika,ikk
Ukwuani-Aboh-Ndoni,ukw
Igbo,ibo
Cicipu,awc
Laru (Nigeria),lan
Eleme,elm
Baan,bvj
Gokana,gkn
Usaghade,usk
Kugbo,kes
Ogbia,ogb
Obulom-Ochichi,obu
Odual,odu
Abua,abn
Abureni,mgj
Ogbogolo,ogg
Korop,krp
Kiong,kkm
Iyongiyong,bbs
Robambami,ibm
Deko-Dusanga,uya
Koro Zuba,vkz
Asu (Nigeria),aum
Nupe-Nupe-Tako,nup
Gbagyi,gbr
Gbari,gby
Etulo,utr
Kpan,kpk
Etkywan,ich
Tigon Mbembe,nza
Ndoola,ndr
Kenyang,ken
Menchum,bby
Ambele,ael
Bekwarra,bkv
Mbonga,xmb
Nagumi,ngv
Bikya,byb
Mbe,mfo
Esimbi,ags
Mesaka,iyo
Mungbam,mij
Koshin,kid
Fang (Cameroon),fak
Ajumbu,muc
Epie,epi
Uvbie,evh
Okpe (Southwestern Edo),oke
Isoko,iso
Eruwa,erh
Urhobo,urh
Adamawa Fulfulde,fub
Bagirmi Fulfulde,fui
Jola-Fonyi,dyo
Mankanya,knf
Herde,hed
Ngete,nnn
Lele (Chad),lln
Nancere,nnc
Tobanga,tng
Kabalai,kvf
Mabire,muj
Kajakse,ckq
Zirenkel,zrn
Mubi,mub
Masmaje,mes
Ngizim,ngi
Zumbun,jmb
Mburku,bbt
Ciwogai,tgd
Belneng,glb
Ngas,anc
Mwaghavul,sur
Tambas,tdk
Fyer,fie
Ron,cla
Sya,scw
Kulere,kul
Jara,jaf
Tera,ttr
Ga'anda,gqa
Hwana,hwo
Boga,bvw
Bata,bta
Bacama,bcy
Cuvok,cuv
Mefele,mfj
Buwal,bhs
Gavar,gou
Mazagway,dkx
Daba,dbq
Bana,bcw
Mbara (Chad),mpk
Musgu,mug
South Giziga,giz
North Giziga,gis
Mser,kqx
Lagwan,kot
Jina,jia
Majera,xmj
Ouargli,oua
Oued Righ,tjo
Yaaku,muu
Gedeo,drs
Sidamo,sid
Alagwa,wbj
Argobba,agj
Amharic,amh
Zay,zwa
Harari,har
Loma (Liberia),lom
Toma,tod
Jenaama Bozo,bze
Seeku,sos
Ngen of Djonkro,gnj
Beng,nhb
Yaouré,yre
Guro,goa
Dan,daf
Shanga,sho
Kyenga,tye
Busa,bqp
Boko (Benin),bqc
Bokobaru,bus
/Gwi,gwj
//Gana,gnk
Dissa-Canton Mufa,dsi
Kulfa,kxj
Furu,fuu
Ngambay,sba
Horo,hor
Gulay,gvl
Sar,mwm
Jaya,jyy
Gélé (Dar Fongoro),fgr
Tepo Krumen,ted
Plapo Krumen,ktj
Northern Grebo,gbo
Wè Southern,gxx
Wè Western,wec
Okolie,oie
Dongotono,ddd
Ngbaka Minagende,nga
Gbaya-Bozoum,gbq
Shempire Senoufo,seb
Syenara Senoufo,shz
Bolgo,bvo
Koke,kou
Bon Gula,glc
Niellim,nie
Noy,noy
Turka,tuz
Cerma,cme
Lobi,lob
Dyan,dya
Khe,kqg
Dogoso,dgs
Kaansa,gna
Waja,wja
Voro,vor
Bena (Nigeria),yun
Rang,rax
Pangseng,pgs
Mumuye,mzm
Peere,pfe
Longto,wok
Nimbari,nmr
Doyayo,dow
Zande,zne
Geme,geq
Nzakara,nzk
Pambia,pmb
Barambu,brm
Dongo,doo
Gbayi,gyg
Mbandja,zmz
West Central Banda,bbp
Ngbundu,nuu
Mündü,muh
Mangayat,myj
Feroge,fer
Ndai,gke
Dama (Cameroon),dmm
Mambai,mcs
Tupuri,tui
Karang,kzr
Nzakambay,nzy
Tha,thy
Moo,gwg
Leelau,ldk
Kyak,bka
Burak,bys
Loo,ldo
Mak (Nigeria),pbl
Mághdì,gmd
Abure,abu
Beti (Côte d'Ivoire),eot
Beezen,bnz
Arum,aab
Hasha,ybj
Sambe,xab
Lijili,mgi
Rjili,uji
Eggon,ego
Akye,aik
Kuturmi,khj
Idon,idc
Tiyaa,tyy
Pye,pai
Tarok,yer
Kagoma,kdm
Kamantan,kci
Nyankpa,yes
Kyoli,cry
Shamang,xsh
Hyam,jab
Che,ruk
Ningye,nns
Kaningdon-Nindem,kdp
Kanufi,kni
Mokole,mkl
Izi,izz
Mgbo,gmz
Ezaa,eza
Ikwo,iqw
Pongu,png
Fungwa,ula
Bauchi,bsf
Gurmana,gvm
Hungworo,nat
Damakawa,dam
C'lela,dri
Hun-Saare,dud
Basa (Nigeria),bzw
Lopa,lop
Cuba,cbq
Tee,tkq
Khana,ogo
Ilue,ilv
Okobo,okb
Efai,efa
O'chi'chi',xoc
Olulumo-Ikom,iko
Kupa,kug
Kakanda,kka
Yala,yba
Alago,ala
Wannu,jub
Nizaa,sgi
Sama Mum,ccg
Gaa,ttb
Dong,doh
Denya,anv
Kendem,kvm
Ndemli,nml
Bokyi,bky
Utugwang-Irungene-Afrike,afe
Bumaji,byp
Kulung (Nigeria),bbu
Lame,bma
Mama,mma
Ndoe,nbb
Bitare,brt
Batu,btu
Ambo,amb
Abon,abo
Yeyi,yey
Bube,bvb
Seki,syi
Mundabli-Mufu,boe
Degema,deg
Egene,enn
Ghotuo,aaa
Esan,ish
Bini,bin
Uhami,uha
Iyayu,iya
Ososo,oso
Okpamheri,opa
Oloma,olm
Kugere-Kuxinge,bda
Jola-Esulalu,csk
Gusilay,gsl
Bandial,bqj
Papel,pbo
Mandjak,mfv
Kimre,kqp
Gabri,gab
Sarua,swy
Somrai,sor
Ndam,ndm
Tumak,tmc
Mire,mvh
Sokoro,sok
Tamki,tax
Saba,saa
Boor,bvf
Miltu,mlj
Dangaleat,daa
Bidiyo,bid
Migaama,mmy
Birgit,btf
Mogum,mou
Toram,trj
Bade,bde
Siri,sir
Pa'a,pqa
Ajawa,ajw
Miya,mkf
Dass,dot
Jimi (Nigeria),jmi
Guruntum-Mbaaru,grd
Boghom,bux
Cakfem-Mushere,cky
Miship,mjs
Goemai,ank
Montol,mtl
Yiwom,gek
Dera (Nigeria),kna
Karekare,kai
Duhwa,kbz
Mindat,mmf
Nzanyi,nja
Holma,hod
Zizilivakan,ziz
Jimi (Cameroon),jim
Tsuvan,tsh
Sharwa,swq
Kamwe,hig
Kirya-Konzel,fkk
Marghi Central,mrt
Bura-Pabir,bwr
Cibak,ckl
Nggwahyi,ngx
Putai,mfl
Matal,mfh
Parkwa,pbi
Dghwede,dgh
Gvoko,ngs
Glavda,glw
Moloko,mlw
Zulgo-Gemzek,gnd
Mofu-Gudur,mif
North Mofu,mfk
Afade,aal
Maslam,msv
Mpade,mpi
Malgbe,mxf
Tsamai,tsb
Ale-Gawwada,gwd
Kambaata,ktb
Alaba-K'abeena,alw
Libido,liq
Hadiyya,hdy
Gorowa,gow
Iraqw,irk
Silt'e,stv
Wolane,wle
Sebat Bet Gurage,sgw
Mesqan,mvz
Kistane,gru
Gafat,gft
Judeo-Moroccan Arabic,aju
Libyan Arabic,ayl
Hassaniyya,mey
Algerian Arabic,arq
Algerian Saharan Arabic,aao
Kono (Sierra Leone),kno
Vai,vai
Ligbi,lig
Tonjon,tjn
Jalkunan,bxl
Jeli,jek
Loko,lok
Mende (Sierra Leone),men
Zialo,zil
Bandi,bza
Tiéyaxo Bozo,boz
Tiemacèwè Bozo,boo
Kpeego,cpo
Dzùùngoo,dnn
Duungooma,dux
Bankagooma,bxw
Kla-Dan,lda
Nuclear Dan,dnj
Goo,gov
Toura (Côte d'Ivoire),neb
Tandroy Malagasy,tdx
Kibosy Kiantalaotsy-Majunga,buc
Sara Kaba Náà,kwv
Sara Kaba,sbz
Sara Kaba Deme,kwg
Laka (Chad),lap
Kaba,ksp
Mango,mge
Gor,gqr
Nangnda,bjv
Mbay,myb
Ngam,nmc
Dagba,dgk
Morom,bdo
Gula (Chad),glu
Naba,mne
Berakou,bxv
Barclayville Grebo,gry
Manza,mzv
Suma,sqm
Gbaya-Bossangoa,gbp
Zan Gula,zna
Bua,bub
Pana (Burkina Faso),pnq
Lyélé,lee
Kalamsé,knz
Dogosé,dos
Khisa,kqm
Dijim-Bwilim,cfa
Tso,ldp
Bomu,bmq
Teme,tdo
Yotti,yot
Bali (Nigeria),bcn
Kpasam,pbn
Duupa,dae
Dii,dur
Dugun,ndu
Kolbila,klc
Ndunga,ndt
Mba,mfc
Northern Ngbandi,ngb
Southern Ngbandi,nbw
Mbangi,mgn
Yakoma,yky
Dendi (Central African Republic),deq
Langbashe,lna
South Central Banda,lnl
Banda-Yangere,yaj
Gundi,gdi
Limassa,bme
Gbanziri-Boraka,gbg
Mayogo,mdm
Bangba,bbe
Togoyo,tgy
Indri,idr
Mundang,mua
Pam (Cameroon),pmn
Mono (Cameroon),mru
Pana (Central African Republic),pnz
Kare (Central African Republic),kbn
Mingang Doso,mko
Dza,jen
Akan,aka
Wasa,wss
Abron,abr
Awutu,afu
Ganang,gne
Izere,izr
Firan,fir
Cen,cen
Tyap,kcg
Jju,kaj
Kadung,dkg
Bijim,jbm
Dũya,ldb
Ashe,ahs
Begbere-Ejar,bqv
Zhire,zhi
Mada (Nigeria),mda
Ninzo,nin
Ede Cabe,cbj
Kura Ede Nago,nqk
Baangi,bqx
Tsuvadi,tvd
Salka-Tsishingini,tsw
Tsikimba,kdl
Western-Kambari-Cishingini,asg
Yara,cdr
Gwamhi-Wuri,bga
Ut-Main,gel
Eastern Duka,uth
Western Duka,uss
Basa-Gurmana,buj
Piti,pcn
Atsam,cch
Amo,amo
Etebi,etb
Ekit,eke
Ukwa,ukq
Ibino,ibn
Iko,iki
Ito,itw
Lokaa,yaz
Cross River Mbembe,mfn
Ubaghara,byc
Oring,org
Dibo,dio
Idoma,idu
Agatu,agc
Wãpha,juw
Wapan,juk
Shoo-Minda-Nye,bcv
Jiru,jrr
Como Karim,cfg
Lamja-Dengsa-Tola,ldh
Jirim,dir
Manta,myg
Osatu,ost
Balo,bqo
Busam,bxs
Viti,vit
Ngwo,ngn
Lamnso',lns
Ubang,uba
Ukpe-Bayobiri,ukp
Alege,alf
Bete-Bendi,btt
Obanliku,bzy
Gwa,gwb
Bada (Nigeria),bau
Jarawa (Nigeria),jar
Duguri,dbm
Bile,bil
Mbula-Bwazza,mbu
Labir,jku
Shiki,gua
Dulbu,dbo
Bebe,bzv
Nsari,asj
Ejagham,etu
Eman,emn
Caka,ckx
Ipulo-Olulu,ass
Iceve-Maci,bec
Nkoya,nka
Ngwii,nlo
Nubaca,baf
Pogolo,poy
Ndamba,ndj
Nilamba,nim
Nyaturu,rim
Isanzu,isn
Manyawa,mny
Holoholo,hoo
Nyanga,nyj
Nsenga,nse
Mbugwe,mgz
Langi,lag
Kwakum,kwu
Kako,kkj
Pol,pmm
Tibea,ngy
Bonkeng,bvg
Myene,mye
Yekhee,ets
Uneme,une
Emai-Iuleha-Ora,ema
Ikhin-Arokho,ikh
Ukue,uku
Ehueun,ehu
Enwan (Edo State),env
Ikpeshi,ikp
Ivbie North-Okpela-Arhe,atg
Igwe,igw
Sasaru,sxs
Okpe (Northwestern Edo),okx
Akuku,ayk
Jonkor Bourmataguil,jeu
Teshenawa,twc
Auyokawa,auo
Warji-Gala,wji
Kariya,kil
Dokshi,dsk
Dyarim,dyr
Saya,say
Zari,zaz
Gyaazi,gyz
Bu (Zaranda),zbu
Luri,ldd
Ju,juu
Kir-Balar,kkr
Mangas,zns
Jakattoe,jrt
Pan,kwl
Nteng,nqt
Tal,tal
Kushi,kuh
Maaka,mew
Nyam,nmi
Bure,bvh
Kholok,ktc
Gude,gde
Fali,fli
Marghi South,mfm
Huba,hbb
Guduf-Gava,gdf
Cineni,cie
Wandala,mfi
Wuzlam,udl
Muyang,muy
Mada (Cameroon),mxu
Dugwor,dme
Merey,meq
Konso,kxc
West Central Oromo,gaz
Arbore,arv
El Molo,elo
Daasanach,dsh
Somali,som
Maay,ymm
Girirra,gii
Rendille,rel
Mesmes,mys
Inoric,ior
Egyptian Arabic,arz
Saidi Arabic,aec
Moroccan Arabic,ary
Tunisian Arabic,aeb
Punic,xpu
Kuranko,knk
Lele (Guinea),llc
Tesaka Malagasy,tkg
Southern Betsimisaraka Malagasy,bzc
Plateau Malagasy,plt
Antankarana Malagasy,xmv
Laka of Lau (Nigeria),lak
Central Grebo,grv
Gboloo Grebo,gec
Ali,aiy
Ngbaka Manza,ngg
Gula Iro,glj
Fania,fni
Kasem,xsm
Phuie,pug
Winyé,kst
Buli (Ghana),bwu
Konni,kma
Láá Láá Bwamu,bwj
Buamu,box
Cwi Bwamu,bwy
Waka,wav
Yendang,ynq
Samba Leko,ndi
Gimme,kmp
Gimnime,gmn
Koma Ndera,kmy
Mom Jango,ver
Sango,sag
Riverain Sango,snj
Banda-Bambari,liy
Banda-Ndélé,bfl
Togbo-Vara Banda,tor
Banda-Banda,bpd
Banda-Mbrès,bqk
Ganzi,gnz
Baka (Cameroon),bkc
Gilima,gix
Ngbaka Ma'bo,nbm
Monzombo,moj
Ndogo,ndz
Bai,bdj
Belanda Viri,bvi
Fante,fat
Twi,twi
Baoulé,bci
Sehwi,sfw
Anufo,cko
Ahanta,aha
Nkami,nkq
Nkonya,nko
Dompo,doy
Gonja,gjn
Larteh,lar
Ede Nago,nqg
Ede Ije,ijj
Ede Idaca,idd
Ede Ica,ica
Manigri-Kambolé Ede Nago,xkb
Ifè,ife
Rogo,rod
Basa-Gumna,bsl
Bassa-Kontagora,bsr
Kizamani,izm
Bina (Nigeria),byj
Kinuku,kkd
Kurama,krh
Gbiri-Niragu,grh
Kono (Nigeria),klk
Sheni-Ziriya,scv
Lere,gnh
Oro,orx
Ebughu,ebg
Enwan (Akwa Ibom State),enw
Uda,uda
Anaang,anw
Idere,ide
Eki,eki
Nkari,nkz
Nkukoli,nbo
Lubila,kcc
Legbo,agb
Umon,umm
Agwagwune,yay
Kohumono,bcs
Kukele,kez
Uzekwe,eze
Kami (Nigeria),kmi
Gupa,gpa
Jukun Takum,jbu
Jibu,jib
Hõne,juh
Jiba,juo
Kwanja,knp
Bung,bqd
Dzodinka,add
Limbum,lmp
Yamba,yam
Mbe',mtk
Atong,ato
Menka,mea
Meta',mgo
Ngamambo,nbv
Ngie,ngj
Ngoshie,nsh
Njen,njj
Mundani,mnf
Bamunka,bvm
Wushi,bse
Bankal,jjr
Gingwak,jgk
Kemezung,dmo
Noone,nhu
Evant,bzz
Lwalu,lwa
Luna,luj
Binji,bpj
Songe,sop
Zula,zla
Mbowe,mxo
Luyi,lyn
Nzadi,nzd
Soli,sby
Chikunda,kdn
Tumbuka,tum
Tonga (Nyasa),tog
Takwane,tke
Marenje,vmr
Makhuwa,vmw
Makhuwa-Moniga,mhm
Makhuwa-Shirima,vmk
Makhuwa-Saka,xsq
Makhuwa-Meetto,mgh
Makhuwa-Marrevone,xmc
Koti,eko
Nathembo,nte
Venda,ven
Kwami,ktf
Buyu,byi
Bembe,bmb
Ikumbure,okc
Taabwa,tap
Bwile,bwc
Embu,ebu
Sumbwa,suw
Gungu,rub
Nyakyusa-Ngonde,nyy
Ndali,ndh
Mbunga,mgy
Ndwewe,nww
Bomwali,bmw
Mbangwe,zmn
Eton-Mengisa,eto
Fang (Equatorial Guinea),fan
Bulu (Cameroon),bum
Dimbong,dii
Benga,bng
Batanga,bnm
Mahongwe,mhb
Kota (Gabon),koq
Osamayi,syx
Sighu,sxe
Nkongho,nkc
Ejamat,eja
Keerak,hhr
Kuwaataay,cwt
Zeem,zem
Tulai,tvi
Chaari,cxh
Buli (Bauchi State),uly
Pesse,pze
Zangwal,zah
Tala,tak
Koenoem,kcs
Pyapun,pcw
Piya-Kwonci,piy
Pero,pip
Tangale,tan
Galambu,glo
Dirasha,gdl
Bussa,dox
Tunni,tqq
Dabarre,dbr
Jiiddu,jii
Baiso,bsw
Garre,gex
Aweer,bob
Chadian Arabic,shu
Bambara,bam
Marka,rkm
Bolon,bof
Dyula,dyu
Mandinka,mnk
Mixifore,mfg
Kakabe,kke
Tsimihety Malagasy,xmw
Northern Betsimisaraka Malagasy,bmm
Southern Nuni,nnw
Northern Nuni,nuv
Lukpa,dop
Kabiyé,kbp
Lama (Togo),las
Tem,kdh
Tula,tul
Dadiya,dbd
Bangwinji,bsj
Kamo,kcq
Awak,awo
Biali,beh
Wom (Nigeria),wom
Nyong,muo
Ngundu,nue
Kpagua,kuw
Gobu,gox
Mono (Democratic Republic of Congo),mnh
Mid-Southern Banda,bjo
Kpala,kpl
Yango,yng
Sere,swf
Tagbu,tbm
Anyin Morofo,mtb
Anyin,any
Nzima,nzi
Jwira-Pepesa,jwi
Nawuri,naw
Kplang,kph
Krache,kye
Cherepon,cpn
Gua,gwx
Ulukwumi,ulb
Eastern Acipa,acp
Shama-Sambuga,sqa
Rishiwa,rsw
Vori,sde
Shau,sqh
Gyem,gye
Ziriya,zir
Iguta,nar
Tunzu,dza
Janji,jni
Gamo-Ningi,bte
Kudu-Camo,kov
Ibibio,ibb
Efik,efi
Itu Mbon Uzo,itm
Ibuoro,ibr
Lenyima,ldg
Leyigha,ayi
Somyev,kgt
Bafanji,bfj
Bangolan,bgj
Mungaka,mhk
Baba,bbw
Bambalang,bmo
Bamun,bax
Awing,azo
Beba,bfp
Pinyin,pny
Kwaja-Ndaktup,kdz
Kenswei Nsei,ndb
Vengo,bav
Kung,kfl
Babanki,bbk
Laimbue,lmx
Kuk,kfn
Mashi (Nigeria),jms
Naki,mff
Bukwen,buz
Ncane-Mungong,ncr
Efutop,ofu
Nde-Nsele-Nta,ndd
Otank,uta
Tiv,tiv
Iyive,uiv
Umbundu,umb
Kimbundu,kmb
Nsongo,nsx
Kibala,blv
Mpinda,pnd
Kaonde,kqn
Sanga (Democratic Republic of Congo),sng
Luba-Katanga,lub
Kanyok,kny
Mashi (Zambia),mho
Mbukushu,mhw
Simaa,sie
Nyengo,nye
Lwel,lvl
Mbesa,zms
Lusengo,lse
Mboko,mdu
Akwa,akw
Dibole,bvx
Bati (Cameroon),btc
Subiya,sbs
Totela,ttl
Fwe,fwe
Toka-Leya-Dombe,dov
Mwera (Nyasa),mjh
Nyanja,nya
Barwe,bwg
Malawi Sena,swk
Phimbi,phm
Nyungwe,nyu
Sena,seh
Chuwabu,chw
Maindo,cwb
Lolo,llb
Kokola,kzn
Mozambique Lomwe,ngl
Malawi Lomwe,lon
Dema,dmx
Nambya,nmq
Kalanga,kck
Ndau,ndc
Zimba,zmb
Songoora,sod
Enya-Kisangani,gey
Mituku,zmq
Lega-Mwenga,lgm
Dhaiso,dhs
Kamba (Kenya),kam
Chuka,cuh
Temi,soz
Kikuyu,kik
Gweno,gwe
Sagalla,tga
Taita,dav
Bende,bdp
Tongwe,tny
Sukuma,suk
Kimbu,kiv
Nyamwezi,nym
Konongo-Ruwila,kcz
Manda-Matumba,mgs
Kinga,zga
Magoma,gmx
Kisi,kiz
Pangwa,pbr
Sangu (Tanzania),sbp
Vwanji,wbi
Bena (Tanzania),bez
Hehe,heh
Kabwari,kcw
Logooli,rag
Kerewe,ked
Zinza,zin
Taveta,tvs
Kagulu,kki
Lambya,lai
Bungu,wun
Pimbwe,piw
Safwa,sbk
Malila,mgq
Ndengereko,ndg
Matumbi,mgw
Nindi,nxi
Mpoto,mpa
Matengo,mgv
Yao,yao
Mwera (Chimwera),mwe
Machinga,mvw
Makonde,kde
Makwe,ymk
Bekwil,bkw
Mpongmpong,mgg
Kélé,keb
Ngom,nra
Ndambomo,nxo
Sake,sak
Barombi,bbi
Bankon,abb
Bakoko,bkh
Mengisa,mct
Ewondo,ewo
Bebil,bxp
Bebele,beb
Lefa,lfa
Bafia,ksf
Duala,dua
Malimba,mzd
Isu (Fako Division),szv
Bakole,kme
Molengue,bxc
Yasa,yko
Ngumbi,nui
Wumbvu,wum
Ndasa,nda
Kande,kbs
Tsogo,tsv
Viya,gev
Bubi,buw
Karon,krx
Mlomp,mlo
Oorlams,oor
Afrikaans,afr
Zul,zlu
Dir-Nyamzak-Mbarimi,nzr
Kwaami,ksq
Kutto,kpa
Geruma,gea
Gera,gew
Deno,dbb
Kubi,kof
Borana-Arsi-Guji Oromo,gax
Orma,orc
Eastern Oromo,hae
Waata,ssn
Sudanese Arabic,apd
South Sudanese Creole Arabic,pga
Nubi,kcn
Worodougou,jud
Mahou,mxx
Wojenaka,jod
Eastern Maninkakan,emk
Sankaran Maninka,msc
Xaasongaxango,kao
Jahanka,jad
Western Maninkakan,mlq
Kita Maninkakan,mwk
Kagoro,xkg
Deg,mzw
Paasaal,sig
Tumulung Sisaala,sil
Bago-Kusuntu,bqg
Notre,bly
Waama,wwa
Ginyanga,ayg
Chumburung,ncu
Tchumbuli,bqa
Dwang,nnu
Nchumbulu,nlu
Yoruba,yor
Izora,cbo
Jere,jer
Panawa,pwb
Western Mambila,mzk
Mbongno,bgu
Wawa,www
Vute,vut
Bamali,bbq
Bamukumbit,bqt
Bamenyam,bce
Kpati,koc
Mendankwe-Nkwen,mfd
Ngemba,nge
Bafut,bfd
Bambili-Bambui,baw
Kwa',bko
Nda'nda',nnz
Fe'fe',fmp
Ghomálá',bbj
Medumba,byv
Ngomba,jgo
Mengaka,xmg
Ngombale,nla
Southern Mfumte,nfu
Ndaktup,ncp
Mbessa,emz
Oku,oku
Kom (Cameroon),bkm
Mmen,bfm
Bum,bmv
Zhoa,zhw
Isu (Menchum Division),isu
Chung,cnq
Mbuk,bpc
Ekajuk,eka
Nnam,nbp
Nkem-Nkum,isi
Abanyom,abm
Ndombe,ndq
Ngendelengo,nql
Kuvale,olu
Kwandu,xdo
Kwangali,kwn
Diriku-Shambyu,diu
Salampasu,slx
Sama,smd
Mbala,mdp
Sonde,shc
Holu,hol
Luba-Lulua,lua
Bangubangu,bnx
Hemba-Yazi,hem
Ding,diz
Mbole,mdq
Yela-Kela,yel
Ombo,oml
Sengele,szg
Bwela,bwl
Mbosi,mdw
Koyo,koh
Bongili,bui
Ngando (Central African Republic),ngd
Bomitaba,zmx
Impfondo,bok
Yaka (Central African Republic),axk
Mbati,mdn
Ngundi,ndn
Pande,bkj
Mbule,mlb
Tuki,bag
Leti (Cameroon),leo
Tuotomb,ttf
Yambeta,yat
Ila,ilb
Lenje,leh
Sala,shq
Tonga (Zambia),toi
Manyika,mxc
Tewe,twx
Lega-Shabunda,lea
Kanu,khx
Bemba (Zambia),bem
Aushi,auh
Lala-Bisa,leb
Seba,kdg
Lamba,lam
Tharaka,thk
Rombo,rof
Ruwila,rwl
Mozambican Ngoni,xnq
Tanzanian Ngoni,xnj
Benamanga,egm
Konzo,koo
Nande,nnb
Kara (Tanzania),reg
Jita,jit
Kwaya,kya
Idakho-Isukha-Tiriki,ida
Subi,xsj
Singa,sgm
Gwere,gwr
Ganda,lug
Asu (Tanzania),asa
Mbugu,mhd
Mwani,wmw
Ilwana,mlk
Pokomo,pkb
Doe,doe
Luguru,ruf
Gogo,gog
Nyika (Tanzania),nkt
Fipa,fip
Ngindo,nnq
Ndendeule,dne
Matambwe,wtb
Njyem,njy
Koonzime,ozm
Ukhwejo,ukh
Mpiemo,mcx
Basa (Cameroon),bas
Hijuk,hij
Mbo (Cameroon),mbo
Bassossi,bsi
Simba,sbw
Pinji,pic
Daza,dzd
Giiwo,kks
Ngamo,nbh
Koyaga,kga
Koro (Côte d'Ivoire),kfo
Konyanka Maninka,mku
Manya,mzj
Masikoro Malagasy,msh
West Malagasy Sakalava,skg
Bara Malagasy,bhr
Tanosy Malagasy,txy
Vagla,vag
Sissala of Burkina Faso,sld
Western Sisaala,ssl
Delo,ntr
Chala,cll
Yom,pil
Nawdm,nmz
Nateni,ntm
Gikyode,acd
Foodo,fod
Sanga (Nigeria),xsn
Lemoro,ldj
Donga Mambila,mcu
Cambap-Langa,twn
Yeni,yei
Njerep,njr
Luo (Cameroon),luw
Mvano,mcj
Ndunda,nuh
Yemba,ybb
Ngiemboon,nnh
Ngwe,nwe
Aghem,agq
Weh,weh
Nkhumbi,khu
Nyaneka,nyk
Herero,her
Zemba,dhm
Kuanyama,kua
Central Wambo,lnb
Chokwe,cjk
Luvale,lue
Luchazi,lch
Nkangala,nkn
Nyemba,nba
Lunda,lun
Mbangala,mxg
Kwese,kws
Phende,pem
Poke,pof
Kele-Foma,khy
Lombo,loo
Dengese,dez
Kusu,ksv
Hamba de Lomela,hba
Tetela,tll
Kela (Democratic Republic of Congo),kel
Lele (Democratic Republic of Congo),lel
Bushoong,buf
Wongo,won
Bolia,bli
Ntomba,nto
Ngando-Lalia,nxd
Mongo,lol
Motembo-Kunda,tmv
Bolondo,bzm
Ndolo,ndl
Dzando,dzn
Bamwe,bmg
Bomboli-Bozaba,bml
Bomboma,bws
Nuasue,yav
Nyokon,nvo
Nomaande,lem
Tunen,tvu
Shona,sna
Tawara,twl
Birwa,brl
Kgalagadi,xkv
Meru,mer
Mwimbi-Muthambi,mws
Mochi,old
Vunjo,vun
Kahe,hka
Machame,jmc
Rwa,rwk
Vinza,vin
Kinyarwanda,kin
Tembo (Kitembo),tbt
Shi,shr
Suba,sxb
Gusii,guz
Haya,hay
Nyambo,now
Talinga-Bwisi,tlj
Hema,nix
Ruuli,ruc
Kenyi,lke
Soga,xog
Ngazidja Comorian,zdj
Mwali Comorian,wlc
Kwere,cwe
Kami (Tanzania),kcu
Sagala,sbm
Vidunda,vid
Nyika (Malawi and Zambia),nkv
Rungwa,rnw
Nyamwanga,mwn
Wanda,wbh
Mambwe-Lungu,mgr
Kwasio,nmg
Gyele,gyi
So (Cameroon),sox
Kol (Cameroon),biw
Makaa,mcp
Byep-Besep,mkk
Oroko,bdu
Bafaw-Balong,bwt
Mokpwe,bri
Wumboko-Bubia,bqm
Akoose,bss
Bakaka,bqz
Beele,bxq
Bole,bol
Chakali,cli
Tampulma,tpm
Ntcham,bud
Akaselem,aks
Kusaal,kus
Ditammari,tbz
Mbelime,mql
Kwambi,kwm
Ndonga,ndo
Ngandyera,nne
Mbwela,mfu
Mbunda,mck
Luimbi,lum
Kete,kcv
Ruund,rnd
Yansi,yns
Mbuun,zmp
Nkutu,nkw
Ohendo,soe
Lalia,lal
Bozaba,bzo
Ngombe (Democratic Republic of Congo),ngc
Ligenza,lgz
Boko (Democratic Republic of Congo),bkp
Lobala,loq
Mmaala,mmu
Tswapong,two
Pedi,nso
Tswana,tsn
Tswa,tsc
Gitonga,toh
Chopi,cce
Rundi,run
Ha,haq
Nyindu,nyg
Havu,hav
Hunde,hke
Ngoreme,ngq
Zanaki,zak
Ikizu,ikz
Kabwa,cwa
Kuria,kuj
Suba-Simbiti,ssc
Bukusu,bxk
Masaaba,myx
Congo Swahili,swc
Cutchi-Swahili,ccl
Swahili,swh
Digo,dig
Segeju,seg
Duruma,dug
Giryama,nyf
Chonyi-Dzihana-Kauma,coh
Maore Comorian,swb
Ndzwani Comorian,wni
Kutu,kdc
Zaramo,zaj
Bondei,bou
Shambala,ksb
Zigula-Mushungulu,ziw
Ngulu,ngp
Nyiha (Tanzania),nih
Nyiha (Malawi),nyr
Pichi,fpe
Krio,kri
Gourmanchéma,gux
Konkomba,xon
Ngangam,gng
Safaliba,saf
Kamara,jmr
Hanga,hag
Dagbani,dag
Mampruli,maw
Mfinu,zmf
Kwa South,tek
Nsong-Mpiin,soo
Ngongo,noq
Lengola,lej
Moingi,mwz
So (Democratic Republic of Congo),soc
Budza,bja
Babango,bbm
Bali (Democratic Republic of Congo),bcp
Beeke,bkf
Mabaale,mmz
Ndobo,ndw
Balobo,lie
Libinza,liz
Loi-Likila,biz
Moi (Congo),mow
Boloki,bkt
Nugunu (Cameroon),yas
Elip,ekm
Lozi,loz
Southern Sotho,sot
Xhosa,xho
Zulu,zul
Tsonga,tso
Ronga,rng
Hangaza,han
Shubi,suj
Fuliiru,flr
Joba,job
Ikoma-Nata,ntk
Sizaki,szk
Wanga,lwg
Nyore,nyd
Tooro,ttj
Nyoro,nyo
Chiga,cgg
Nyankole,nyn
Mushungulu,xma
Ghanaian Pidgin English,gpe
Moba,mfq
Bimoba,bim
Farefare,gur
Kantosi,xkt
Mossi,mos
Boma Yumu,boh
Samba,smx
Hungan,hum
Liko,lik
Bera,brf
Amba (Uganda),rwm
Likuba,kxx
Likwala,kwc
Bobangi,bni
Zimbabwean Ndebele,nde
Swati,ssw
South Transvaal Ndebele,nbl
Marama,lrm
Kisa,lks
Tsotso,lto
Kabras,lkb
East Nyala,nle
Tachoni,lts
Saamia,lsm
Nyole,nuj
Khayo,lko
Marachi,lri
Kabuverdianu,kea
Upper Guinea Crioulo,pov
Principense,pre
Réunion Creole French,rcf
Cameroon Pidgin,wes
Nigerian Pidgin,pcm
Northern Dagara,dgi
Central Dagaare,dga
Ngungwel,ngz
Teke-Eboo-Nzikou,ebo
Teke-Tyee,tyx
Teke-Kukuya,kkw
Teke-Fuumu,ifm
Sakata,skt
Yaka-Pelende-Lonzo,yaf
Suku,sub
Beembe,beq
Vanuma,vau
Nyali,nlj
Budu,buu
Ngelima,agh
Kango (Bas-Uélé District),kty
Komo (Democratic Republic of Congo),kmw
Bhele,bhy
Kango (Tshopo District),kzy
Ngbee,jgb
Nyanga-li,nyc
Kari,kbj
Ngbinda-Mayeka,nbd
Homa,hom
Kinshasa Lingala,lin
Bangala,bxg
Annobonese,fab
Morisyen,mfe
Seselwa Creole French,crs
Malba Birifor,bfo
Southern Birifor,biv
Wali (Ghana),wlx
Dagaari Dioula,dgd
Teke-Nzikou,nzu
Teke-Tsaayi,tyi
Tiene,tii
Lonzo,lnz
Pelende,ppp
Mbo (Democratic Republic of Congo),zmw
Ndaka,ndk
Bwa,bww
Pagibete,pae
Bila,bip
Kaiku,kkq
Mayeka,myc
Boguru,bqu
Bodo (Central African Republic),boy
Sãotomense,cri
Angolar,aoa
Kaamba,xku
Kunyi,njx
Latege,teg
Suundi,sdj
Doondo,dde
Laari,ldi
Tchitchege,tck
Teke-Laali,lli
Yaka (Congo),iyx
San Salvador Kongo,kwy
Yombe,yom
Ndumu,nmd
Kaningi,kzo
Mbere-Mbamba,mdt
Njebi,nzb
Tsaangi,tsa
Wandji,wdd
Duma,dma
Vili,vif
Hungu-Pombo,hng
Ombamba-Congo,mbm
Kituba (Congo),mkw
South-Central Koongo,kng
Kituba (Democratic Republic of Congo),ktu
Lumbu,lup
Bwisi,bwz
Punu,puu
Vumbu,vum
Sangu (Gabon),snq
Barama,bbg
Sira,swj
